{
    "routes": {
        "login":"/user/login",
        "home":"/home"
    },
    "localdbserver": {
        "baseURL": "http://localhost:3000/",
        "path": {
            "users":"users",
            "products":"products",
            "heroes":"heroes"
        }
    },
    "links": {
        "productRepository":"assets/products.json",
        "githubRepository":"https://api.github.com/users/@username/repos"
        
    },

    "httpDelay":2000,
    "pattern": {
        "email": {"regexpr": "[a-z0-9._%+-]+@[a-z0-9.-]+\\.[a-z]{2,4}$",
                "criteria":"Password must contain at least 1 numeric character (0-9), 1 small case letter (a-z), 1 upper case letter (A-Z), 1 special character and at least 8 characters in length."},
        "password": {"regexpr":"(?=.*\\d)(?=.*[a-z])(?=.*[A-Z])(?=.*[\\W]).{8,}$",
                "criteria":"Password must contain at least 1 numeric character (0-9), 1 small case letter (a-z), 1 upper case letter (A-Z), 1 special character and at least 8 characters in length." }
    }
}
