{
  "posts": [
    {
      "id": 1,
      "title": "json-server",
      "author": "typicode"
    }
  ],
  "comments": [
    {
      "id": 1,
      "body": "some comment",
      "postId": 1
    }
  ],
  "profile": {
    "name": "typicode"
  },
  "products": [
    {
      "id": 1,
      "ProductName": "ProductA"
    },
    {
      "id": 2,
      "ProductName": "ProductB"
    }
  ],
  "users": [
    {
      "id": 1,
      "email": "butchpanelo@gmail.com",
      "firstname": "Butch",
      "lastname": "Panelo",
      "password": "1234"
    },
    {
      "firstname": "A",
      "lastname": "B",
      "id": 2
    },
    {
      "firstname": "Adrian",
      "lastname": "Panelo",
      "id": 3
    },
    {
      "firstname": "oiuoiu",
      "lastname": "yoiyuoiuyoi",
      "id": 4
    },
    {
      "firstname": "123213",
      "lastname": "1231231",
      "id": 5
    },
    {
      "firstname": "13123",
      "lastname": "123123",
      "id": 6
    },
    {
      "firstname": "3123123",
      "lastname": "12312313",
      "id": 7
    },
    {
      "firstname": "1341234",
      "lastname": "123412341234",
      "id": 8
    },
    {
      "firstname": "poipoipo",
      "lastname": "poipipoi",
      "id": 9
    },
    {
      "firstname": "134134",
      "lastname": "1234124",
      "id": 10
    },
    {
      "firstname": "opoipoi",
      "lastname": "iupiupoiu",
      "id": 11
    }
  ],
  "heroes": [
    {
      "id": 11,
      "name": "Dr. Nice",
      "description": "Narco description"
    },
    {
      "id": 12,
      "name": "Narco 1234",
      "description": "Narco description"
    },
    {
      "id": 13,
      "name": "Bombasto 5",
      "description": "Bombasto description"
    },
    {
      "id": 14,
      "name": "Celeritas",
      "description": "Celeritas description"
    },
    {
      "id": 15,
      "name": "Magneta",
      "description": "Magneta description"
    },
    {
      "id": 16,
      "name": "Superman 123",
      "description": "Superman description"
    },
    {
      "id": 17,
      "name": "Dynama",
      "description": "Dyname description"
    },
    {
      "id": 18,
      "name": "Dr IQ",
      "description": "Dr IQ description"
    },
    {
      "id": 19,
      "name": "Magma",
      "description": "Magma description"
    },
    {
      "id": 20,
      "name": "Tornado",
      "description": "Tornado description"
    }
  ]
}